Foreign State;Region;2008_visas;2009_visas;2010_visas;2011_visas;2012_visas;2013_visas;2014_visas;2015_visas;2016_visas;2017_visas;2007_Entrants;2007_Derivatives;2007_Total;2008_Entrants;2008_Derivatives;2008_Total;2009_Entrants;2009_Derivatives;2009_Total;2010_Entrants;2010_Derivatives;2010_Total;2011_Entrants;2011_Derivatives;2011_Total;2012_Entrants;2012_Derivatives;2012_Total;2013_Entrants;2013_Derivatives;2013_Total;2014_Entrants;2014_Derivatives;2014_Total;2015_Entrants;2015_Derivatives;2015_Total;2016_Entrants;2016_Derivatives;2016_Total;2017_Entrants;2017_Derivatives;2017_Total;2018_Entrants;2018_Derivatives;2018_Total
Afghanistan;Asia;32;46;66;25;43;59;95;28;192;144;9051;10783;19834;5090;7305;12395;9255;10046;19301;39446;27424;66870;9627;10029;19656;5519;6937;12456;7287;8990;16277;15170;16315;31485;12885;14904;27789;32950;33001;65951;39672;43605;83277;58576;64179;122755
Albania;Europe;2057;2033;1645;965;528;994;1571;1910;1506;2436;70390;102622;173012;67381;94979;162360;68584;92226;160810;53104;65809;118913;40823;46366;87189;55686;59671;115357;59241;63326;122567;83615;87747;171362;100472;98153;198625;127277;118852;246129;162521;153321;315842;189168;178063;367231
Algeria;Africa;823;798;797;846;343;1058;971;1093;1277;996;57496;21794;79290;59146;22457;81603;71364;26185;97549;68052;22652;90704;66404;21600;88004;85568;26513;112081;98417;29772;128189;97683;30189;127872;122698;40393;163091;147732;56701;204433;176403;76330;252733;229410;113447;342857
Andorra;Europe;0;0;0;0;0;0;0;2;0;0;90;26;116;94;30;124;92;42;134;276;55;331;79;26;105;129;39;168;102;45;147;106;38;144;88;46;134;105;81;186;121;45;166;123;52;175
Angola;Africa;4;14;6;15;7;13;10;8;37;12;748;869;1617;764;819;1583;886;1175;2061;883;934;1817;1039;1291;2330;1391;1664;3055;1543;2035;3578;2329;3555;5884;3837;5361;9198;4573;6973;11546;6175;8684;14859;9410;13409;22819
Antigua and Barbuda ;South America, Central America, and the Caribbean;0;1;6;1;0;6;6;4;0;1;308;165;473;316;244;560;324;251;575;571;255;826;367;328;695;368;346;714;376;352;728;383;372;755;349;299;648;344;293;637;370;271;641;296;229;525
Argentina;South America, Central America, and the Caribbean;60;62;91;57;37;32;73;52;30;36;8433;8563;16996;7897;7862;15759;6657;6552;13209;5286;4535;9821;5867;6158;12025;5451;5485;10936;5155;5091;10246;6289;6564;12853;5819;6335;12154;8420;9307;17727;8828;9481;18309;9803;10008;19811
Armenia;Europe;837;950;1001;1013;644;903;1272;1556;1000;1566;24887;33169;58056;26575;35935;62510;29487;38714;68201;27159;34892;62051;31580;41296;72876;39918;52434;92352;42131;55548;97679;48867;64814;113681;56519;74569;131088;71854;96261;168115;96389;130156;226545;110725;156342;267067
Aruba;Europe;6;4;0;1;1;0;0;0;0;0;141;109;250;205;184;389;240;239;479;1192;207;1399;283;321;604;364;353;717;299;330;629;325;340;665;285;271;556;310;293;603;318;278;596;329;282;611
Australia;Oceania;238;187;285;275;292;433;406;486;331;398;8945;4294;13239;9838;4288;14126;9765;4448;14213;8790;3982;12772;10526;4983;15509;11699;5464;17163;12423;5694;18117;14756;6865;21621;14233;6346;20579;16933;7955;24888;18382;8322;26704;18118;8235;26353
Austria;Europe;30;54;56;69;34;42;24;48;10;34;4141;2180;6321;4440;2591;7031;4721;2650;7371;5208;2783;7991;4980;3184;8164;4938;3201;8139;5084;3174;8258;5398;3434;8832;4992;2998;7990;5320;3338;8658;5503;3566;9069;5323;3582;8905
Azerbaijan;Europe;163;217;207;222;149;190;190;289;204;434;7068;8195;15263;6736;8224;14960;7255;8569;15824;7712;8607;16319;9092;10649;19741;10298;12278;22576;11834;13606;25440;12741;14693;27434;13986;15335;29321;30382;23811;54193;38557;34436;72993;61535;62516;124051
Bahamas;North America ;5;1;13;2;3;16;2;7;5;3;1184;784;1968;1489;1158;2647;1778;1415;3193;1596;1028;2624;2204;1589;3793;2134;1583;3717;1752;1604;3356;1832;1825;3657;1830;1755;3585;2170;2093;4263;1951;1630;3581;1898;1643;3541
Bahrain;Asia;0;4;1;2;10;4;2;2;2;1;568;384;952;959;582;1541;1589;764;2353;1469;677;2146;1920;963;2883;2813;961;3774;779;1025;1804;852;1231;2083;818;1178;1996;1037;1469;2506;1216;1448;2664;1438;1574;3012
Bangladesh;Asia;2286;2663;3017;3090;295;;;;;;1023428;413518;1436946;1754789;409799;2164588;4313346;805330;5118676;3828371;834324;834324;5418800;1079126;6497926;7667030;895221;8562251;0;0;0;N/A;N/A;N/A;N/A;N/A;N/A;N/A;N/A;N/A;N/A;N/A;N/A;N/A;N/A;N/A
Barbados;South America, Central America, and the Caribbean;2;3;14;6;4;0;8;6;0;2;670;315;985;910;418;1328;1440;569;2009;1262;488;1750;2078;726;2804;3237;730;3967;633;468;1101;659;515;1174;557;424;981;634;450;1084;635;442;1077;568;423;991
Belarus;Europe;769;780;734;684;285;848;844;868;568;801;32196;30025;62221;30678;29098;59776;35293;31964;67257;33591;28506;62097;36235;29406;65641;39240;31641;70881;52597;45109;97706;52958;44789;97747;53747;46696;100443;52485;46282;98767;70266;64958;135224;86133;85001;171134
Belgium;Europe;32;39;54;26;47;39;24;34;13;42;2798;2241;5039;3123;2242;5365;3555;2600;6155;3164;2207;5371;4038;2980;7018;4327;3051;7378;4097;3130;7227;4671;3566;8237;4675;3693;8368;5285;4275;9560;5329;4293;9622;5352;4322;9674
Belize;South America, Central America, and the Caribbean;7;5;3;8;1;12;1;0;0;3;511;493;1004;601;509;1110;480;526;1006;474;461;935;503;600;1103;531;528;1059;589;644;1233;751;914;1665;401;530;931;575;600;1175;358;379;737;450;480;930
Benin;Africa;183;198;223;220;82;230;182;193;282;237;12481;6234;18715;12489;6269;18758;11883;5599;17482;13066;4169;17235;31000;5008;36008;24702;6074;30776;40275;7391;47666;28453;7634;36087;101531;14248;115779;107089;29232;136321;95093;22539;117632;96550;25221;121771
Bhutan;Asia;7;5;0;4;4;8;7;1;9;7;439;402;841;351;367;718;295;285;580;338;414;752;384;380;764;436;454;890;459;494;953;528;574;1102;1275;1143;2418;1516;1596;3112;2008;2215;4223;1986;2035;4021
Bolivia;South America, Central America, and the Caribbean;79;53;76;30;28;33;26;23;24;10;6603;7398;14001;7031;7993;15024;5038;5714;10752;3509;4034;7543;3667;4092;7759;4703;4464;9167;4244;4198;8442;3105;3414;6519;2743;2925;5668;3887;4014;7901;3684;3814;7498;4165;4497;8662
Bosnia and Herzegovina;Europe;31;62;37;33;44;30;39;77;48;84;3024;3115;6139;2659;2869;5528;2486;2566;5052;1844;1793;3637;2182;2296;4478;2894;3052;5946;3015;3079;6094;5093;5263;10356;6088;5956;12044;5005;5445;10450;6265;6083;12348;5610;5928;11538
Botswana;Africa;10;0;9;5;0;1;2;4;1;3;424;238;662;483;353;836;486;377;863;505;319;824;624;422;1046;443;413;856;453;416;869;448;400;848;423;365;788;526;453;979;505;454;959;646;549;1195
Brazil;;;;;;;;;;;;42474;31733;74207;0;0;0;0;0;0;0;0;0;0;0;0;0;0;0;0;0;0;N/A;N/A;N/A;N/A;N/A;N/A;N/A;N/A;N/A;N/A;N/A;N/A;N/A;N/A;N/A
Brunei;Asia;1;0;0;1;0;1;1;0;0;0;118;116;234;155;147;302;184;181;365;165;143;308;147;172;319;141;151;292;128;142;270;118;127;245;98;95;193;138;136;274;129;122;251;160;118;278
Bulgaria;Europe;1093;753;571;653;456;965;1026;834;614;540;69128;61199;130327;45813;40367;86180;33573;28759;62332;24010;19202;43212;31362;25176;56538;36300;30641;66941;52506;44633;97139;55687;48191;103878;48840;42339;91179;49869;44644;94513;46107;42249;88356;38614;35702;74316
Burkina Faso;Africa;117;92;109;117;103;223;120;122;132;138;7522;2078;9600;6259;2219;8478;5534;1974;7508;7128;2100;9228;7498;2495;9993;9159;3082;12241;12154;3479;15633;11840;3447;15287;16404;4311;20715;20007;4988;24995;24188;6485;30673;32933;8028;40961
Burma;Asia;113;371;282;253;197;267;200;88;140;148;70685;47225;117910;64720;45183;109903;51071;37751;88822;48096;34217;82313;34731;24952;59683;24394;17978;42372;26060;18347;44407;24550;17198;41748;25118;17963;43081;24187;17856;42043;29142;21633;50775;24897;19855;44752
Burundi;Africa;9;22;42;28;11;28;37;47;64;75;1830;1053;2883;1784;1410;3194;2823;2484;5307;1786;1730;3516;2075;1699;3774;2394;1886;4280;3724;2632;6356;4287;3444;7731;5871;4504;10375;12050;9836;21886;11067;9899;20966;14499;12609;27108
Cambodia;Asia;92;120;132;168;188;399;334;152;266;198;19785;13437;33222;23518;13290;36808;35640;14414;50054;54962;11377;66339;51367;9495;60862;63497;9332;72829;103810;15328;119138;107140;13295;120435;173063;24320;197383;225098;26850;251948;250815;31308;282123;242758;28845;271603
Cameroon;Africa;1190;1530;1581;1706;847;1619;1289;1455;1625;1214;69843;44431;114274;87939;49985;137924;109336;58775;168111;126428;63194;189622;130072;59680;189752;143400;60506;203906;159495;65014;224509;159489;64531;224020;208056;78508;286564;220894;82889;303783;238928;93850;332778;300924;126335;427259
Cape Verde;Africa;0;8;0;10;0;7;2;12;0;2;274;156;430;248;180;428;263;258;521;232;250;482;980;846;1826;332;367;699;1029;812;1841;740;652;1392;415;413;828;650;673;1323;756;634;1390;1137;952;2089
Central African Republic;Africa;0;3;11;2;0;3;1;3;8;2;520;395;915;455;438;893;432;336;768;494;343;837;591;415;1006;572;404;976;593;402;995;1303;1062;2365;1073;773;1846;1269;822;2091;1142;716;1858;1630;986;2616
Chad;Africa;7;10;6;16;3;10;9;15;18;10;1179;630;1809;1425;750;2175;1287;709;1996;1244;776;2020;1475;837;2312;1448;726;2174;2012;998;3010;1990;993;2983;6286;1274;7560;3727;1150;4877;4179;1582;5761;6758;2522;9280
Chile;South America, Central America, and the Caribbean;14;31;11;16;6;12;24;10;1;13;2499;2773;5272;2473;2733;5206;2399;2521;4920;1552;1626;3178;2175;2285;4460;1992;2172;4164;1706;1714;3420;1738;1821;3559;1678;1742;3420;2562;2836;5398;4154;3550;7704;8595;7157;15752
China-Taiwan born;Asia;275;251;231;214;158;160;215;103;167;160;41158;39357;80515;40811;37106;77917;37555;33679;71234;0;0;0;0;0;0;0;0;0;0;0;0;0;0;0;0;0;0;N/A;N/A;N/A;N/A;N/A;N/A;N/A;N/A;N/A
Christmas Island;Oceania;0;0;0;0;0;0;0;0;0;0;8;0;8;6;7;13;14;15;29;11;7;18;5;0;5;10;3;13;4;2;6;9;10;19;12;5;17;7;5;12;11;5;16;9;6;15
Cocos Islands;Oceania;0;0;0;0;0;0;0;0;0;0;10;15;25;10;6;16;9;10;19;4;1;5;4;4;8;6;4;10;15;20;35;19;6;25;10;1;11;17;3;20;24;16;40;31;8;39
Comoros;Africa;1;2;5;2;0;1;0;0;0;1;151;96;247;200;100;300;160;80;240;241;159;400;290;153;443;192;103;295;306;196;502;313;257;570;398;203;601;484;293;777;353;267;620;381;287;668
Congo, Democratic Republic of The;Africa;511;601;924;1522;1221;2235;2442;2641;2778;2669;27082;25075;52157;28041;22652;50693;37726;30580;68306;46093;46040;92133;69949;68609;138558;106375;102400;208775;117092;112558;229650;173043;166153;339196;7381;5200;12581;258895;241500;500395;330601;284853;615454;424636;350657;775293
Congo, Republic of The;Africa;43;20;34;45;12;47;55;49;50;42;2616;2378;4994;2919;2265;5184;2506;2057;4563;2923;2492;5415;3490;3130;6620;4077;3634;7711;5117;3977;9094;6479;4998;11477;227474;219014;446488;8216;6105;14321;9556;6895;16451;15784;11199;26983
Cook Islands;Oceania;0;0;0;0;0;0;0;0;0;0;14;11;25;22;14;36;17;21;38;11;9;20;10;10;20;19;11;30;23;9;32;35;32;67;78;71;149;90;74;164;108;82;190;157;117;274
Costa Rica;South America, Central America, and the Caribbean;3;2;17;12;2;20;25;6;10;13;2430;2210;4640;2921;2686;5607;3319;3221;6540;2212;2152;4364;2441;2487;4928;2283;2435;4718;2236;2129;4365;3236;3120;6356;2900;2807;5707;4496;3885;8381;3724;3247;6971;4963;3909;8872
Cote d'Ivoire;Africa;194;215;230;297;156;325;376;377;510;442;16964;7814;24778;19499;8484;27983;21642;8489;30131;22517;8882;31399;29273;10215;39488;24426;9075;33501;36885;12836;49721;51646;16217;67863;69606;19628;89234;93019;24146;117165;128228;25917;154145;208258;35400;243658
Croatia;Europe;18;36;29;20;34;20;41;30;22;27;2338;1625;3963;2426;1706;4132;2497;1814;4311;2141;1603;3744;2859;2448;5307;3032;2491;5523;3161;2495;5656;4469;3456;7925;3571;2808;6379;3894;3036;6930;3647;2782;6429;3649;2618;6267
Cuba;South America, Central America, and the Caribbean;256;190;140;231;70;193;302;474;536;384;28877;36113;64990;38234;45645;83879;28287;33827;62114;10591;12614;23205;19431;21059;40490;15795;16901;32696;23131;23613;46744;27468;29499;56967;55685;57313;112998;176668;185700;362368;61301;66970;128271;55938;58622;114560
Curacao;Europe;;;;1;2;4;0;0;0;0;0;0;0;0;0;0;0;0;0;0;0;0;0;0;0;0;0;0;310;331;641;325;406;731;267;279;546;303;310;613;264;276;540;271;300;571
Cyprus;Europe;5;14;8;2;2;3;7;8;8;8;573;336;909;574;324;898;679;462;1141;563;383;946;697;527;1224;696;536;1232;778;563;1341;921;782;1703;908;777;1685;1070;927;1997;977;805;1782;1022;784;1806
Czech Republic;Europe;81;37;42;34;23;30;41;38;28;20;5177;3111;8288;4967;2944;7911;4609;2969;7578;3403;2375;5778;4031;2718;6749;4180;2803;6983;4258;2769;7027;4835;3306;8141;4687;3124;7811;5285;3557;8842;5254;3666;8920;5155;3559;8714
Denmark;Europe;23;12;34;17;17;20;21;17;14;21;2376;1678;4054;2372;1660;4032;2282;1608;3890;2029;1516;3545;2394;1823;4217;2507;2020;4527;2794;2276;5070;2969;2420;5389;2737;2318;5055;2848;2357;5205;2689;2151;4840;2668;2130;4798
Djibouti;Africa;15;11;9;18;8;18;13;18;33;32;661;243;904;764;197;961;1126;326;1452;1318;348;1666;1515;497;2012;2229;742;2971;3160;1263;4423;2974;1455;4429;3407;1498;4905;5794;2669;8463;7105;3391;10496;9253;4878;14131
Dominica;South America, Central America, and the Caribbean;3;21;15;10;9;11;6;2;4;3;713;620;1333;801;720;1521;787;763;1550;694;673;1367;856;841;1697;820;828;1648;802;800;1602;828;904;1732;720;734;1454;733;811;1544;735;708;1443;659;658;1317
East Timor;;;;;;;;;;;;56;35;91;74;44;118;59;46;105;0;0;0;0;0;0;0;0;0;0;0;0;0;0;0;0;0;0;N/A;N/A;N/A;N/A;N/A;N/A;N/A;N/A;N/A
Ecuador;South America, Central America, and the Caribbean;113;;;;;;;;;;13372;14632;28004;14193;15877;30070;0;0;0;0;0;0;0;0;0;0;0;0;0;0;0;N/A;N/A;N/A;N/A;N/A;N/A;N/A;N/A;N/A;N/A;N/A;N/A;96983;101702;198685
Egypt;Africa;3310;3651;3253;3268;2013;3383;3500;3456;2855;3580;257352;301072;558424;291220;344781;636001;292579;355967;648546;287543;354778;642321;238451;295924;534375;335372;445356;780728;394832;565447;960279;338081;509149;847230;309143;454558;763701;336780;512901;849681;354184;560633;914817;490619;784132;1274751
Equatorial Guinea;Africa;1;0;2;0;0;0;0;0;0;0;164;108;272;271;147;418;255;153;408;261;219;480;291;274;565;297;308;605;291;283;574;319;289;608;305;272;577;376;352;728;452;400;852;542;471;1013
Eritrea;Africa;302;392;368;381;144;245;173;186;149;81;23210;16943;40153;22774;17987;40761;20452;16417;36869;20863;15531;36394;24654;17662;42316;26177;18823;45000;27395;19935;47330;20400;15414;35814;23809;18658;42467;27034;22635;49669;27083;23912;50995;34183;28998;63181
Estonia;Europe;19;16;13;21;12;23;17;21;10;13;2572;1933;4505;2116;1720;3836;1818;1491;3309;1540;1161;2701;1966;1611;3577;2294;1794;4088;2270;1870;4140;2579;2101;4680;2293;1698;3991;2396;1771;4167;2341;1777;4118;2488;1929;4417
Ethiopia;Africa;3549;3690;3774;3536;1419;2393;2543;2469;2143;2560;414489;159950;574439;518877;203620;722497;483105;187702;670807;542346;203026;745372;486657;176001;662658;581699;203619;785318;582238;193525;775763;573417;180284;753701;640165;205309;845474;605213;175616;780829;643549;201410;844959;787814;268718;1056532
Faroe Islands;Europe;;;0;0;0;0;0;0;0;0;0;0;0;0;0;0;0;0;0;0;0;0;0;0;0;0;0;0;59;46;105;78;61;139;72;39;111;62;42;104;67;38;105;60;36;96
Fiji;Oceania;313;291;232;174;174;254;218;185;130;214;5394;6947;12341;6324;8326;14650;6947;9167;16114;6050;6627;12677;5957;6257;12214;6901;5983;12884;5079;5262;10341;5977;7752;13729;4420;5669;10089;5586;7381;12967;5715;7164;12879;5545;6828;12373
Finland;Europe;9;22;34;40;35;25;16;29;22;29;2045;1812;3857;2057;1852;3909;2186;2001;4187;2013;1871;3884;2656;2525;5181;2640;2514;5154;3030;2931;5961;3190;3194;6384;3021;3084;6105;3357;3438;6795;3328;3146;6474;3200;2872;6072
France;Europe;308;241;272;275;186;228;326;346;211;258;18874;11544;30418;22102;13590;35692;24923;14883;39806;22816;13486;36302;27360;16862;44222;24713;15931;40644;26687;17143;43830;31319;21075;52394;32298;22190;54488;39091;27618;66709;39808;27804;67612;41927;29037;70964
French Guiana;Europe;0;0;0;0;;;;;;;47;30;77;70;56;126;88;57;145;76;56;132;108;77;185;92;57;149;0;0;0;0;0;0;0;0;0;N/A;N/A;N/A;N/A;N/A;N/A;N/A;N/A;N/A
French Polynesia;Europe;0;0;0;0;1;1;0;0;0;0;143;101;244;202;144;346;251;187;438;186;160;346;286;258;544;283;305;588;289;322;611;347;357;704;281;298;579;323;342;665;282;305;587;272;284;556
French Southern and Antarctic Lands;Europe;0;0;0;0;0;0;0;0;0;0;21;9;30;26;23;49;29;11;40;17;14;31;15;7;22;17;12;29;26;11;37;32;20;52;27;18;45;24;18;42;22;18;40;32;16;48
Gabon;Africa;18;5;7;7;10;6;18;12;9;13;1116;639;1755;1184;575;1759;1339;612;1951;1243;548;1791;1365;599;1964;1651;770;2421;1791;803;2594;1856;883;2739;2679;966;3645;3245;1367;4612;3978;1711;5689;4728;2422;7150
Gambia;Africa;7;26;15;14;11;11;7;13;6;15;2671;1327;3998;2743;1532;4275;4653;2477;7130;3968;2156;6124;3004;1846;4850;6431;2428;8859;4218;2006;6224;2893;1727;4620;4193;1932;6125;4022;2744;6766;4369;2410;6779;5760;3208;8968
Georgia;Europe;284;360;441;461;293;411;345;507;368;548;13091;12974;26065;16197;15999;32196;15651;16371;32022;15638;16315;31953;18611;20642;39253;23024;26252;49276;25253;28372;53625;21755;24696;46451;24916;28479;53395;33830;40159;73989;44258;55093;99351;54098;68011;122109
Germany;Europe;817;910;964;860;595;584;497;535;293;284;54772;33822;88594;59149;39601;98750;61901;42828;104729;60735;44826;105561;60599;45554;106153;58248;44127;102375;54531;39945;94476;55876;40423;96299;53786;38390;92176;51328;37603;88931;52373;39525;91898;51903;40581;92484
Ghana;Africa;1868;1912;2660;2460;1689;1895;1460;526;432;803;210300;80397;290697;212445;88926;301371;274626;106992;381618;393555;129893;523448;482730;127194;609924;641777;132780;774557;908910;147122;1056032;1085742;132146;1217888;1537292;192687;1729979;1976818;254927;2231745;1953577;245444;2199021;1973057;254473;2227530
Greece;Europe;84;76;43;42;30;54;79;98;54;96;2335;1613;3948;2326;1639;3965;2305;1612;3917;1836;1266;3102;2233;1568;3801;2738;2089;4827;4428;3675;8103;5862;5173;11035;5854;5136;10990;5900;5231;11131;6707;5694;12401;7405;5883;13288
Greenland;Europe;0;0;0;0;0;0;0;0;0;0;19;10;29;39;20;59;48;21;69;48;32;80;51;25;76;46;25;71;34;14;48;45;23;68;38;16;54;42;11;53;42;17;59;66;26;92
Grenada;South America, Central America, and the Caribbean;1;1;4;2;7;1;6;2;1;6;669;323;992;624;351;975;626;410;1036;598;415;1013;624;462;1086;674;533;1207;1057;713;1770;791;543;1334;642;464;1106;559;448;1007;606;410;1016;506;362;868
Guadeloupe;Europe;2;0;0;0;;;;;;;125;76;201;201;142;343;249;172;421;261;167;428;400;285;685;342;281;623;0;0;0;0;0;0;0;0;0;N/A;N/A;N/A;N/A;N/A;N/A;N/A;N/A;N/A
Guatemala;South America, Central America, and the Caribbean;30;;;;;;44;20;9;13;3042;3048;6090;3283;3877;7160;0;0;0;0;0;0;0;0;0;0;0;0;0;0;0;6690;6961;13651;3086;3912;6998;4425;5194;9619;4793;5449;10242;9292;9103;18395
Guinea;Africa;109;86;268;185;113;257;264;262;293;205;9629;4836;14465;17789;7098;24887;16962;6790;23752;34457;9122;43579;38808;9659;48467;56973;11883;68856;72096;16839;88935;84410;21762;106172;133649;30211;163860;193140;46366;239506;210085;40666;250751;272404;50539;322943
Guinea-Bissau;Africa;0;0;0;1;0;7;0;2;0;1;165;105;270;203;119;322;179;107;286;193;138;331;226;145;371;219;168;387;327;239;566;238;159;397;332;173;505;1140;183;1323;571;228;799;1000;355;1355
Guyana;South America, Central America, and the Caribbean;7;19;32;30;7;16;6;14;4;2;1851;1785;3636;1922;1936;3858;1532;1579;3111;1546;1652;3198;1502;1742;3244;1510;1689;3199;1751;2019;3770;1666;1910;3576;1501;1768;3269;1537;1766;3303;1323;1543;2866;1578;1822;3400
Honduras;South America, Central America, and the Caribbean;14;10;26;26;23;24;38;31;26;30;2854;3486;6340;2884;3618;6502;3487;4398;7885;2530;3477;6007;3918;5350;9268;4617;6182;10799;3974;5241;9215;4409;6189;10598;3907;5703;9610;8526;10901;19427;6141;8139;14280;10950;12962;23912
Hong Kong Special Administrative Region;Asia;48;32;23;27;10;40;46;34;55;18;7953;6039;13992;7248;5647;12895;6380;4671;11051;4403;2995;7398;4427;3073;7500;4229;2765;6994;4211;3125;7336;5977;4435;10412;7820;6097;13917;14144;10978;25122;6051;5069;11120;8022;6577;14599
Hungary;Europe;82;138;65;125;80;112;103;121;79;83;6281;4341;10622;7557;5537;13094;7917;6363;14280;6171;5044;11215;8197;7166;15363;8324;7179;15503;9419;8120;17539;10973;10022;20995;10649;9527;20176;11215;10285;21500;11421;10101;21522;11645;10286;21931
Iceland;Europe;4;9;30;13;15;15;10;11;1;9;508;548;1056;553;519;1072;555;547;1102;761;900;1661;1053;1372;2425;1075;1392;2467;1203;1530;2733;1510;1860;3370;1026;1188;2214;1215;1361;2576;1122;1136;2258;1024;880;1904
Indonesia;Asia;156;122;122;89;100;66;68;44;45;41;26892;26131;53023;23962;23618;47580;23466;23141;46607;22727;22012;44739;15563;16919;32482;14384;15565;29949;13200;14708;27908;12314;13941;26255;10214;12016;22230;12499;14675;27174;13133;14673;27806;13205;14867;28072
Iran;Asia;841;1117;1854;2023;2428;3802;2386;2661;2788;2106;150699;139824;290523;129226;120277;249503;139395;127131;266526;245733;224546;470279;223426;203079;426505;289586;258149;547735;369118;323292;692410;554327;483027;1037354;499135;433211;932346;641696;561835;1203531;737181;653672;1390853;849869;774335;1624204
Iraq;Asia;88;50;37;57;36;66;49;23;146;150;9713;13710;23423;11834;17997;29831;10742;17070;27812;8290;12665;20955;7515;12748;20263;7088;11852;18940;8026;12655;20681;8852;14566;23418;10287;16115;26402;18482;28962;47444;31132;45162;76294;62805;82905;145710
Ireland;Europe;51;51;61;87;76;52;44;50;36;31;9637;2999;12636;8748;2635;11383;7144;2748;9892;6993;3239;10232;6848;3670;10518;7733;3933;11666;7501;3969;11470;7925;4357;12282;7298;3980;11278;7443;3892;11335;6770;3335;10105;6464;3330;9794
Israel;Asia;47;43;30;41;45;74;58;20;35;34;13634;15440;29074;14356;16834;31190;13111;15812;28923;8816;10423;19239;9115;11108;20223;9169;11685;20854;9694;11807;21501;10622;13346;23968;10729;13386;24115;12805;16705;29510;14094;18658;32752;16535;20608;37143
Italy;Europe;128;161;167;186;207;157;282;289;194;244;13158;7148;20306;14216;7901;22117;15492;8680;24172;13831;7903;21734;17767;10697;28464;19009;11362;30371;22394;13058;35452;28813;17820;46633;30386;18572;48958;36994;23220;60214;37335;23264;60599;37691;23214;60905
Japan;Asia;282;207;199;177;216;287;269;143;194;117;39770;27087;66857;37417;25762;63179;33983;23401;57384;30248;20582;50830;28816;19892;48708;27175;19379;46554;29650;22125;51775;29482;22164;51646;28521;21980;50501;29211;22938;52149;28098;22115;50213;28595;22055;50650
Jordan;Asia;25;95;72;87;62;122;181;72;176;96;7272;9360;16632;7017;9686;16703;9762;14105;23867;10067;13857;23924;8498;13568;22066;8333;14202;22535;11039;18064;29103;14305;23770;38075;15128;24691;39819;27881;44557;72438;23949;39378;63327;37754;57314;95068
Kazakhstan;Europe;172;200;201;236;237;316;325;460;243;460;8224;9201;17425;8168;9359;17527;8812;9833;18645;8792;9402;18194;10967;12199;23166;13476;15556;29032;17681;20862;38543;20425;23719;44144;21644;24969;46613;22000;26136;48136;27661;32973;60634;41990;51416;93406
Kenya;Africa;2187;2365;2420;1918;752;1281;1216;903;1116;1014;113531;71175;184706;118259;80607;198866;115114;73859;188973;136003;87583;223586;163437;97297;260734;198606;105477;304083;181346;84128;265474;149990;72759;222749;131949;61692;193641;209764;94929;304693;249397;110626;360023;317029;125937;442966
Kiribati;Oceania;2;2;0;0;2;0;0;3;3;0;36;31;67;45;47;92;41;48;89;75;61;136;64;63;127;80;95;175;59;62;121;60;80;140;62;86;148;62;65;127;79;77;156;98;101;199
Kosovo;Europe;2;50;91;83;71;126;95;146;164;318;0;0;0;0;0;0;0;0;0;4228;5596;9824;4435;6117;10552;5286;6612;11898;7042;8623;15665;6104;7728;13832;8708;10084;18792;15261;16614;31875;22983;23681;46664;26411;25408;51819
Kuwait;Asia;22;10;29;25;31;66;58;29;59;45;2622;2920;5542;2752;3302;6054;4469;5693;10162;4492;6424;10916;5502;8770;14272;5670;9429;15099;5710;9641;15351;6662;12336;18998;6773;12364;19137;8301;15358;23659;8436;15588;24024;10580;19374;29954
Kyrgyzstan;Europe;132;122;130;147;182;189;235;286;135;223;5324;6489;11813;4919;6081;11000;4575;5570;10145;4651;5200;9851;5670;6717;12387;7761;9590;17351;8592;10361;18953;10838;13080;23918;12623;14804;27427;14442;16872;31314;19698;23666;43364;32613;39737;72350
Laos;Asia;0;1;3;0;0;2;0;0;0;0;916;1017;1933;966;994;1960;391;475;866;307;374;681;303;371;674;216;272;488;260;297;557;238;304;542;207;228;435;294;311;605;282;319;601;288;270;558
Latvia;Europe;19;41;36;70;22;57;57;30;31;22;3462;2733;6195;3203;2591;5794;2669;2140;4809;2459;1998;4457;4921;4513;9434;5050;4546;9596;4641;4114;8755;4496;4107;8603;3922;3502;7424;3845;3459;7304;3899;3641;7540;4421;4302;8723
Lebanon;Asia;77;83;46;56;94;87;58;52;72;41;7855;9371;17226;11374;14684;26058;14018;20043;34061;11062;16577;27639;12846;19907;32753;12304;19290;31594;12007;18790;30797;13409;22671;36080;13233;21547;34780;15304;25298;40602;17245;25249;42494;15670;25332;41002
Lesotho;Africa;0;0;1;0;4;0;3;0;0;0;119;103;222;102;98;200;144;141;285;158;104;262;145;112;257;125;109;234;129;103;232;114;125;239;197;155;352;423;236;659;299;133;432;272;235;507
Liberia;Africa;580;831;848;1003;786;1231;1754;1744;1553;997;30711;31466;62177;53262;52881;106143;86933;79441;166374;68022;51207;119229;64245;46715;110960;82497;59252;141749;84778;57520;142298;124008;92241;216249;217526;140698;358224;408041;253590;661631;499010;175926;674936;512128;174741;686869
Libya;Africa;23;56;70;44;60;82;51;72;127;115;2001;1759;3760;2225;1928;4153;2466;2481;4947;2930;3318;6248;3409;4169;7578;3980;4924;8904;3883;5109;8992;4533;6150;10683;6674;9200;15874;10346;15292;25638;16672;23170;39842;21427;28441;49868
Liechtenstein;Europe;0;0;0;1;0;0;0;0;0;0;18;16;34;23;16;39;36;29;65;32;13;45;37;21;58;46;36;82;44;33;77;47;31;78;53;30;83;49;32;81;65;37;102;49;17;66
Lithuania;Europe;128;106;133;167;129;141;156;167;91;96;13400;12490;25890;9954;8514;18468;6840;5763;12603;4842;4188;9030;8891;8046;16937;12375;11364;23739;10788;9661;20449;11004;9896;20900;10016;8719;18735;10736;9718;20454;15361;14114;29475;16175;14491;30666
Luxembourg;Europe;3;0;0;2;3;3;0;0;0;2;191;144;335;200;125;325;244;159;403;223;157;380;276;194;470;274;191;465;295;208;503;336;248;584;331;214;545;344;239;583;328;205;533;333;173;506
Macau Special Administrative Region;Europe;11;3;8;2;6;4;3;17;8;1;576;359;935;535;358;893;501;267;768;380;225;605;386;221;607;550;287;837;405;218;623;576;330;906;818;440;1258;1336;675;2011;N/A;N/A;N/A;613;284;897
Macedonia, The Former Yugoslav Republic of;;;;;;;;;;;;8697;10803;19500;8857;10695;19552;7224;8559;15783;0;0;0;0;0;0;0;0;0;0;0;0;N/A;N/A;N/A;N/A;N/A;N/A;N/A;N/A;N/A;N/A;N/A;N/A;N/A;N/A;N/A
Macedonia;Europe;219;205;150;177;68;148;183;263;206;235;0;0;0;0;0;0;0;0;0;5652;6593;12245;6730;7180;13910;6278;6154;12432;9877;8792;18669;11283;10282;21565;17645;16085;33730;16685;15567;32252;21876;21304;43180;23845;23383;47228
Madagascar;Africa;13;27;15;17;3;23;17;9;29;2;765;887;1652;855;979;1834;956;1138;2094;874;986;1860;1354;1529;2883;896;1066;1962;1195;1404;2599;1073;1259;2332;2078;2528;4606;2736;3259;5995;2538;3020;5558;2210;2580;4790
Malawi;Africa;20;13;17;13;1;16;15;11;0;10;771;780;1551;861;864;1725;890;793;1683;803;846;1649;846;838;1684;883;848;1731;1071;1018;2089;1109;1237;2346;956;1026;1982;1030;985;2015;1124;1077;2201;1332;1328;2660
Malaysia;Asia;39;30;41;48;27;20;38;14;48;30;8150;6984;15134;8516;7973;16489;8467;8228;16695;6568;6488;13056;6967;6974;13941;6935;6609;13544;6712;6608;13320;6572;6308;12880;6641;6267;12908;7221;6820;14041;7596;7123;14719;7716;6903;14619
Maldives;Asia;0;0;0;0;0;0;0;0;0;0;93;80;173;77;68;145;131;141;272;101;107;208;139;161;300;151;181;332;177;196;373;160;206;366;154;181;335;191;226;417;149;154;303;200;203;403
Mali;Africa;34;43;38;23;20;29;21;23;39;15;5612;2197;7809;5836;1798;7634;4117;1663;5780;4680;1539;6219;3846;1765;5611;4349;1542;5891;4518;1758;6276;5745;2331;8076;7272;2702;9974;7975;3076;11051;9527;3656;13183;11363;5609;16972
Malta;Europe;0;0;5;0;4;0;0;0;0;0;251;188;439;305;262;567;333;317;650;242;227;469;299;262;561;303;274;577;271;237;508;316;298;614;270;241;511;308;252;560;275;225;500;269;178;447
Marshall Islands;Oceania;0;0;0;0;4;0;1;0;0;0;19;19;38;6;4;10;11;4;15;9;2;11;128;157;285;17;16;33;30;24;54;13;5;18;14;8;22;12;5;17;5;6;11;21;14;35
Martinique;Europe;4;1;0;0;;;;;;;91;68;159;143;100;243;211;132;343;203;107;310;282;177;459;241;153;394;0;0;0;0;0;0;N/A;N/A;N/A;N/A;N/A;N/A;N/A;N/A;N/A;N/A;N/A;N/A
Mauritania;Africa;3;8;2;12;3;7;0;6;6;13;1044;417;1461;873;317;1190;1058;418;1476;1063;333;1396;974;481;1455;1161;596;1757;1540;599;2139;1389;636;2025;1722;788;2510;1919;971;2890;3414;1697;5111;4940;2324;7264
Mauritius;Africa;22;21;20;24;7;4;6;16;11;2;834;833;1667;1135;1377;2512;1294;1634;2928;1230;1422;2652;1459;1733;3192;1287;1546;2833;1810;1937;3747;1541;1829;3370;1422;1578;3000;1878;1880;3758;2024;1975;3999;1373;1388;2761
Mayotte;;;;;;;;;;;;0;0;0;0;0;0;0;0;0;0;0;0;0;0;0;0;0;0;15;1;16;19;17;36;10;13;23;8;10;18;-0;-0;-0;-0;-0;-0
Micronesia, Federated States of ;Oceania;0;0;0;0;0;0;0;0;0;0;32;30;62;18;17;35;27;24;51;15;16;31;15;16;31;21;19;40;24;19;43;21;22;43;32;15;47;33;20;53;27;19;46;35;24;59
Moldova;Europe;279;273;399;582;684;906;1211;1566;1189;1369;13410;11756;25166;13876;12448;26324;18782;13568;32350;22335;13303;35638;34275;22533;56808;45283;30603;75886;65058;43507;108565;99684;62977;162661;119319;73969;193288;144569;85489;230058;154453;97727;252180;315488;125375;440863
Monaco;Europe;1;0;0;0;0;0;4;0;0;0;124;28;152;73;23;96;78;27;105;68;44;112;61;39;100;66;32;98;54;31;85;77;39;116;76;34;110;85;44;129;118;38;156;127;47;174
Mongolia;Asia;199;129;108;209;91;116;79;55;157;97;10888;14257;25145;16681;22283;38964;11577;15242;26819;11081;14346;25427;17005;23330;40335;11786;16080;27866;8293;11245;19538;6315;8465;14780;7605;10393;17998;10406;15607;26013;14429;22926;37355;13142;21646;34788
Montenegro;Europe;8;4;11;4;5;11;11;6;7;13;0;0;0;933;1061;1994;729;773;1502;497;402;899;488;393;881;537;433;970;567;440;1007;899;577;1476;925;698;1623;1199;929;2128;1780;1412;3192;2330;1504;3834
Morocco;Africa;2129;2004;1782;987;376;894;864;912;1115;1080;308400;69481;377881;174361;33968;208329;140950;27793;168743;121151;22670;143821;81873;15633;97506;91395;19178;110573;98314;21129;119443;93295;21940;115235;113309;25699;139008;160234;41730;201964;227471;58950;286421;231792;61916;293708
Mozambique;Africa;0;1;3;0;2;0;5;1;0;3;261;250;511;332;366;698;299;328;627;293;323;616;264;344;608;282;340;622;342;412;754;368;516;884;330;366;696;384;472;856;428;502;930;439;456;895
Namibia;Africa;0;10;0;4;2;7;0;7;3;5;295;265;560;350;310;660;396;346;742;468;369;837;533;491;1024;506;479;985;507;458;965;535;498;1033;732;506;1238;547;522;1069;545;530;1075;497;539;1036
Nauru;Oceania;0;0;0;6;0;0;0;0;0;0;55;16;71;62;20;82;67;27;94;65;14;79;46;18;64;52;11;63;90;45;135;82;31;113;132;73;205;153;83;236;120;56;176;116;53;169
Nepal;Asia;2073;1615;1936;2017;1953;3377;3504;3370;3247;3477;189484;137846;327330;222477;167512;389989;170716;127425;298141;211421;144795;356216;194373;128385;322758;238678;158358;397036;308794;187616;496410;380289;233096;613385;545825;347136;892961;664854;426026;1090880;692137;444485;1136622;728718;458632;1187350
Netherlands;Europe;68;103;80;52;61;35;71;46;40;31;4843;4073;8916;4932;4187;9119;4950;4291;9241;4356;3769;8125;5095;4358;9453;5299;4590;9889;5419;4543;9962;5984;5171;11155;5585;4746;10331;6203;5372;11575;6216;5322;11538;6064;5103;11167
Netherlands Antilles;Europe;3;12;1;0;;;;;;;312;251;563;427;365;792;516;514;1030;389;381;770;491;507;998;495;519;1014;0;0;0;0;0;0;0;0;0;N/A;N/A;N/A;N/A;N/A;N/A;N/A;N/A;N/A
New Caledonia;Europe;0;0;0;0;0;0;1;0;0;0;41;19;60;56;23;79;77;65;142;55;44;99;80;58;138;106;89;195;106;96;202;103;93;196;101;77;178;121;98;219;112;96;208;127;95;222
New Zealand;Oceania;117;84;80;109;87;131;132;149;66;127;3523;2028;5551;3976;2428;6404;3928;2477;6405;3034;1991;5025;3564;2360;5924;3514;2193;5707;3397;2006;5403;4147;2402;6549;3943;2079;6022;4498;2272;6770;4551;2328;6879;4442;2139;6581
Nicaragua;South America, Central America, and the Caribbean;14;26;20;22;7;28;2;4;5;3;1859;2136;3995;2169;2285;4454;2872;3164;6036;1987;2405;4392;4342;4435;8777;2744;3007;5751;2945;3299;6244;2213;2614;4827;1538;1956;3494;4918;5214;10132;2337;2706;5043;3354;3835;7189
Niger;Africa;42;21;20;20;3;18;18;15;15;6;3946;1316;5262;4896;1366;6262;2575;975;3550;1903;755;2658;4864;1000;5864;2572;887;3459;2660;889;3549;5417;1068;6485;20439;2396;22835;13804;2423;16227;9065;4017;13082;10996;5652;16648
Nigeria;Africa;3425;3275;2834;2810;1887;3274;2467;;;;619891;455644;1075535;684735;493158;1177893;752721;475752;1228473;1145393;424923;1570316;1634692;509934;2144626;1470155;535721;2005876;1356396;619175;1975571;1694975;695783;2390758;N/A;N/A;N/A;N/A;N/A;N/A;N/A;N/A;N/A;N/A;N/A;N/A
Niue;Oceania;0;0;0;0;0;0;0;0;0;0;92;50;142;171;118;289;157;80;237;191;98;289;653;40;693;243;79;322;199;86;285;207;90;297;33;16;49;11;8;19;15;7;22;38;10;48
Norfolk Island;Oceania;;;0;0;0;0;0;5;0;0;N/A;N/A;N/A;N/A;N/A;N/A;N/A;N/A;N/A;N/A;N/A;N/A;N/A;N/A;N/A;N/A;N/A;N/A;N/A;N/A;N/A;58;20;78;25;24;49;20;14;34;30;9;39;12;6;18
North Korea;Asia;0;0;0;0;0;0;0;0;0;0;215;258;473;339;492;831;220;250;470;179;194;373;196;186;382;180;168;348;145;148;293;145;155;300;0;0;0;108;121;229;127;81;208;148;94;242
Northern Ireland;Europe;3;13;10;17;15;14;18;15;6;4;2130;1233;3363;1841;987;2828;1568;1092;2660;1365;1006;2371;1458;1145;2603;1454;1106;2560;1487;1042;2529;1551;1009;2560;1443;1005;2448;1479;984;2463;1368;935;2303;1246;831;2077
Norway;Europe;10;11;12;12;9;16;0;4;3;9;1758;1051;2809;1951;1212;3163;2055;1376;3431;1535;1160;2695;2109;1602;3711;2228;1706;3934;2257;1755;4012;2522;1946;4468;2215;1641;3856;2389;1829;4218;2715;1622;4337;2220;1565;3785
Oman;Asia;5;1;2;0;2;1;2;1;4;6;323;270;593;293;234;527;352;299;651;296;294;590;360;397;757;435;433;868;410;438;848;537;598;1135;589;557;1146;757;708;1465;915;876;1791;1132;1017;2149
Palau;Oceania;0;0;3;0;0;0;0;0;0;0;29;41;70;47;66;113;46;63;109;40;32;72;43;22;65;41;25;66;21;12;33;25;15;40;26;22;48;34;37;71;38;27;65;54;25;79
Panama;South America, Central America, and the Caribbean;5;9;17;5;7;5;7;5;1;0;1716;1401;3117;1822;1634;3456;1823;1727;3550;1061;1000;2061;1462;1310;2772;1265;1158;2423;1054;985;2039;1038;968;2006;890;831;1721;1137;1046;2183;1106;1082;2188;1435;1277;2712
Papua New Guinea;Oceania;2;12;8;1;0;9;2;1;0;1;84;90;174;93;98;191;104;127;231;90;73;163;100;101;201;114;155;269;126;159;285;153;193;346;245;222;467;160;187;347;164;168;332;159;196;355
Paraguay;South America, Central America, and the Caribbean;5;3;17;4;6;4;1;2;2;2;863;995;1858;1418;1566;2984;1044;1139;2183;512;530;1042;676;715;1391;613;610;1223;582;533;1115;540;498;1038;423;370;793;626;516;1142;553;496;1049;722;611;1333
Poland;Europe;;;;;;829;500;412;327;287;N/A;N/A;N/A;N/A;N/A;N/A;N/A;N/A;N/A;N/A;N/A;N/A;N/A;N/A;N/A;N/A;N/A;N/A;N/A;N/A;N/A;40817;36746;77563;34824;30950;65774;41904;38152;80056;38425;34856;73281;41365;37637;79002
Peru;;;;;;;;;;;;101002;96143;197145;0;0;0;0;0;0;0;0;0;0;0;0;0;0;0;85956;73987;159943;0;0;0;N/A;N/A;N/A;N/A;N/A;N/A;N/A;N/A;N/A;N/A;N/A;N/A
Portugal;Europe;12;16;9;17;16;20;27;29;11;15;1596;1403;2999;1968;1718;3686;1933;1752;3685;1671;1395;3066;2039;1748;3787;2079;1777;3856;2306;1909;4215;4118;3417;7535;2782;2485;5267;3076;2864;5940;3226;2829;6055;3230;2917;6147
Qatar;Asia;1;0;0;0;3;14;15;15;16;9;569;548;1117;714;799;1513;1007;1205;2212;942;1056;1998;1316;1524;2840;1381;1747;3128;1312;1823;3135;1544;2255;3799;1779;2426;4205;2538;3238;5776;3252;4129;7381;3869;4859;8728
Reunion;Europe;0;1;0;0;;;;;;;92;81;173;133;112;245;147;90;237;110;67;177;119;65;184;99;82;181;0;0;0;0;0;0;0;0;0;N/A;N/A;N/A;N/A;N/A;N/A;N/A;N/A;N/A
Romania;Europe;876;343;366;482;589;423;498;539;342;321;52802;46070;98872;48038;43193;91231;23997;21363;45360;18938;16807;35745;24427;23008;47435;39355;37239;76594;30940;29653;60593;35304;35560;70864;36160;36273;72433;36303;36924;73227;33693;33885;67578;47883;31700;79583
Russia;Europe;;;1095;1552;1096;1680;1928;2028;1401;1812;0;0;0;0;0;0;0;0;0;52042;49282;101324;70869;69575;140444;84097;83503;167600;109156;109706;218862;124048;125622;249670;131202;133884;265086;133095;141651;274746;161107;170962;332069;211372;222981;434353
Rwanda;Africa;44;32;65;64;43;158;139;199;242;161;3289;2288;5577;3611;2485;6096;4170;2361;6531;5099;2165;7264;7673;3136;10809;15194;5330;20524;14300;6113;20413;16441;7154;23595;24541;12638;37179;29791;19265;49056;30408;21703;52111;40644;27031;67675
Saint Barthelemy;Europe;;;0;0;0;0;0;0;0;0;0;0;0;0;0;0;0;0;0;0;0;0;0;0;0;0;0;0;41;17;58;54;28;82;8;10;18;11;10;21;15;7;22;28;11;39
Saint Kitts and Nevis ;South America, Central America, and the Caribbean;2;2;2;0;3;5;0;1;0;0;206;130;336;247;125;372;250;180;430;274;194;468;395;239;634;345;234;579;356;258;614;375;298;673;322;246;568;329;280;609;286;231;517;253;186;439
Saint Lucia;South America, Central America, and the Caribbean;2;4;7;9;1;9;15;5;1;10;760;496;1256;862;516;1378;759;565;1324;713;469;1182;1018;734;1752;929;738;1667;1053;790;1843;980;859;1839;906;730;1636;938;774;1712;1021;784;1805;828;667;1495
Saint Martin;Europe;;;0;0;0;0;0;0;0;0;0;0;0;0;0;0;0;0;0;0;0;0;0;0;0;0;0;0;36;38;74;31;7;38;90;19;109;139;27;166;99;44;143;90;35;125
Saint Vincent and the Grenadines ;South America, Central America, and the Caribbean;1;3;5;4;1;9;5;3;2;0;513;314;827;463;296;759;501;302;803;391;271;662;515;319;834;519;321;840;516;369;885;487;384;871;452;311;763;550;451;1001;398;328;726;449;337;786
Samoa;Oceania;11;2;9;4;2;0;0;0;0;0;202;293;495;158;238;396;223;306;529;205;216;421;231;287;518;184;284;468;185;275;460;159;248;407;139;178;317;178;243;421;95;119;214;126;182;308
San Marino;Europe;0;0;0;0;0;0;0;0;0;0;5;1;6;7;6;13;10;3;13;20;6;26;10;2;12;13;1;14;13;5;18;15;6;21;19;7;26;24;12;36;27;11;38;39;27;66
Sao Tome and Principe ;Africa;0;0;0;0;0;0;0;0;0;0;47;29;76;32;19;51;48;23;71;37;20;57;32;32;64;23;25;48;24;28;52;28;43;71;35;36;71;243;47;290;45;35;80;49;38;87
Saudi Arabia;Asia;29;37;34;41;56;88;109;89;124;111;3626;3476;7102;4814;4903;9717;7186;7653;14839;6630;7642;14272;8746;11901;20647;11697;14949;26646;12701;16427;29128;14912;21095;36007;20239;24975;45214;26755;32137;58892;31699;34214;65913;47512;45548;93060
Senegal;Africa;104;163;128;128;51;91;109;104;139;98;15087;5515;20602;31079;6655;37734;41963;7979;49942;21264;4930;26194;19042;5502;24544;12165;4714;16879;20159;6267;26426;39759;7815;47574;32946;6395;39341;38230;7973;46203;50810;11391;62201;49697;10615;60312
Serbia and Montenegro ;;;;;;;;;;;;21693;19671;41364;0;0;0;0;0;0;0;0;0;0;0;0;0;0;0;0;0;0;0;0;0;N/A;N/A;N/A;N/A;N/A;N/A;N/A;N/A;N/A;N/A;N/A;N/A
Serbia;Europe;351;211;158;156;120;171;206;216;213;314;0;0;0;17188;16431;33619;17364;17100;34464;8910;7324;16234;9623;8675;18298;10240;8940;19180;12431;9433;21864;19146;14364;33510;15693;11692;27385;24286;18774;43060;28177;22003;50180;29884;23729;53613
Seychelles;Africa;0;3;0;0;1;0;0;3;0;0;94;69;163;92;71;163;124;59;183;177;62;239;161;107;268;150;96;246;130;88;218;131;121;252;148;131;279;212;124;336;144;94;238;195;94;289
Sierra Leone;Africa;438;547;314;317;287;719;449;354;383;340;56525;21165;77690;80148;16975;97123;131788;17386;149174;310817;15635;326452;424966;16284;441250;292778;22963;315741;216873;16646;233519;265032;19173;284205;479195;31925;511120;575457;36526;611983;807065;34623;841688;967062;44663;1011725
Singapore;Asia;21;14;11;12;14;6;32;2;12;9;4563;4318;8881;4612;4524;9136;4153;4143;8296;2868;2357;5225;3000;2793;5793;2835;2668;5503;2773;2657;5430;2895;2787;5682;3066;2885;5951;3331;3054;6385;3285;2714;5999;3505;2648;6153
Sint Maarten;Europe;;;;0;0;0;0;1;0;0;0;0;0;0;0;0;0;0;0;0;0;0;0;0;0;0;0;0;92;76;168;106;98;204;92;84;176;114;97;211;105;82;187;136;74;210
Slovakia;Europe;67;45;43;37;17;36;36;44;26;31;8139;5562;13701;6629;4347;10976;5112;3369;8481;3546;2320;5866;4095;2615;6710;3970;2472;6442;4515;2928;7443;4876;3324;8200;4742;3011;7753;5526;3562;9088;5302;3550;8852;5197;3491;8688
Slovenia;Europe;6;7;5;2;2;4;1;5;8;12;454;264;718;598;362;960;624;424;1048;521;338;859;696;472;1168;720;511;1231;756;535;1291;970;733;1703;993;742;1735;1024;768;1792;1006;747;1753;974;687;1661
Solomon Islands;Oceania;0;0;0;0;0;0;0;0;0;0;16;19;35;16;9;25;19;17;36;28;15;43;37;35;72;48;54;102;32;23;55;27;26;53;63;29;92;65;18;83;59;10;69;92;42;134
Somalia;Africa;40;70;71;52;28;78;46;59;104;56;14667;5705;20372;11052;4595;15647;10441;4895;15336;10664;4669;15333;10370;4990;15360;10402;4403;14805;9807;3981;13788;8899;3879;12778;13447;4124;17571;21554;6833;28387;26815;8584;35399;45974;14605;60579
South Africa;Africa;235;301;303;309;225;319;217;197;182;215;11729;11433;23162;14646;15568;30214;18086;20073;38159;18013;22195;40208;22249;27895;50144;21523;27047;48570;21269;26403;47672;24679;31677;56356;23589;28579;52168;27124;34938;62062;28518;38210;66728;28775;38569;67344
South Sudan;Africa;;;;0;0;0;0;1;11;6;0;0;0;0;0;0;0;0;0;0;0;0;0;0;0;0;0;0;496;287;783;574;353;927;804;460;1264;1624;1070;2694;1935;1238;3173;2463;1769;4232
Spain;Europe;56;75;80;86;75;95;183;183;101;108;4297;2612;6909;5285;3273;8558;5254;3114;8368;5131;3127;8258;7135;4758;11893;7715;5207;12922;9381;6251;15632;14308;10100;24408;14866;10233;25099;17549;12729;30278;16095;12012;28107;16185;11622;27807
Sri Lanka;Asia;466;548;441;336;217;296;301;201;324;160;44237;44152;88389;49805;52085;101890;58074;64229;122303;44892;47327;92219;40710;43602;84312;40792;42980;83772;52052;50479;102531;45119;46142;91261;53808;54181;107989;57409;59264;116673;51899;53082;104981;69877;69650;139527
Saint Pierre and Miquelon ;Europe;0;0;0;0;0;0;0;0;0;0;15;5;20;25;19;44;28;17;45;11;17;28;17;9;26;15;10;25;21;13;34;15;14;29;7;2;9;8;9;17;15;7;22;10;16;26
Sudan;Africa;502;592;557;569;308;436;965;1191;1833;1174;37589;17845;55434;36258;19971;56229;39621;21818;61439;49282;21427;70709;60547;24199;84746;62161;34049;96210;72108;41487;113595;79811;49626;129437;170423;82325;252748;197631;142761;340392;259726;191697;451423;286351;217961;504312
Suriname;South America, Central America, and the Caribbean;2;1;3;0;1;3;4;2;2;0;438;356;794;503;465;968;460;470;930;382;382;764;429;462;891;439;466;905;462;514;976;467;580;1047;424;460;884;453;483;936;520;553;1073;644;679;1323
Svalbard;Europe;;;0;0;0;0;0;0;0;0;0;0;0;0;0;0;0;0;0;0;0;0;0;0;0;0;0;0;14;6;20;9;4;13;14;4;18;16;13;29;24;19;43;39;25;64
Swaziland;Africa;0;2;0;3;1;0;0;0;5;0;130;103;233;114;90;204;118;85;203;133;105;238;151;118;269;161;125;286;196;159;355;208;162;370;182;144;326;284;150;434;232;147;379;280;181;461
Sweden;Europe;50;46;54;43;62;62;35;48;46;53;6070;3766;9836;5990;3931;9921;6041;4172;10213;4748;3270;8018;5965;4381;10346;6344;4636;10980;6748;4976;11724;7574;5555;13129;7161;5224;12385;7671;5573;13244;7536;5582;13118;7083;5114;12197
Switzerland;Europe;71;96;79;69;50;40;61;56;31;35;6540;3739;10279;7036;4145;11181;7245;4348;11593;6532;4006;10538;7253;4941;12194;6895;4695;11590;6865;4704;11569;7732;5418;13150;7263;5037;12300;7608;5320;12928;7277;5089;12366;6895;4751;11646
Syria;Asia;40;53;37;67;72;91;138;134;164;128;8521;6112;14633;5288;6380;11668;6285;8789;15074;6121;8906;15027;7092;10865;17957;7420;11329;18749;8649;13155;21804;12800;20676;33476;19700;30959;50659;30413;48681;79094;32484;51344;83828;30807;49359;80166
Taiwan;;;;;;;;;;;;0;0;0;0;0;0;0;0;0;31197;27719;58916;30566;25753;56319;25752;21646;47398;22944;18811;41755;24157;20006;44163;25056;19628;44684;32777;25406;58183;30763;25062;55825;32875;25997;58872
Tajikistan;Europe;66;80;121;182;152;209;248;339;239;419;2922;3879;6801;2790;3871;6661;3821;5007;8828;4337;5205;9542;5430;7249;12679;7971;10946;18917;10462;14027;24489;12194;16568;28762;14426;20246;34672;16276;22918;39194;28109;42230;70339;47635;74543;122178
Tanzania;Africa;72;137;65;81;62;51;28;60;32;46;7090;6283;13373;5823;5728;11551;6128;5780;11908;4879;4584;9463;5603;4782;10385;5491;4584;10075;6528;5483;12011;5825;5045;10870;5926;4992;10918;6369;5555;11924;6919;6166;13085;7539;6637;14176
Thailand;Asia;45;49;32;36;22;31;19;26;31;19;11483;6739;18222;11377;6679;18056;9333;5519;14852;6780;3631;10411;6680;3732;10412;5852;3173;9025;5391;2796;8187;5726;2971;8697;5334;2818;8152;9444;4151;13595;9706;4027;13733;8787;4174;12961
Timor-Leste;Asia;0;1;0;0;0;0;0;0;0;0;0;0;0;0;0;0;0;0;0;25;19;44;38;36;74;30;52;82;25;41;66;29;43;72;37;38;75;45;40;85;50;36;86;97;82;179
Togo;Africa;469;483;507;526;281;514;565;547;688;504;97453;26498;123951;47826;16675;64501;34029;10020;44049;33919;8549;42468;49596;9375;58971;42322;10265;52587;52306;12273;64579;64980;15450;80430;97329;20419;117748;135742;31404;167146;152521;34087;186608;218117;50077;268194
Tokelau;Oceania;;;0;0;0;0;0;0;0;0;0;0;0;0;0;0;0;0;0;0;0;0;0;0;0;0;0;0;19;10;29;13;5;18;9;1;10;24;7;31;28;14;42;31;6;37
Tonga;Oceania;27;27;22;9;1;11;2;15;1;24;998;1425;2423;1305;2402;3707;1000;1658;2658;750;942;1692;729;1073;1802;557;913;1470;606;1020;1626;521;823;1344;584;865;1449;678;1024;1702;603;886;1489;661;1024;1685
Trinidad and Tobago;South America, Central America, and the Caribbean;48;76;103;53;43;45;62;53;20;17;6100;5119;11219;6063;5427;11490;6648;6297;12945;6222;6180;12402;6685;6866;13551;7871;7890;15761;7238;7264;14502;7378;7725;15103;7272;7076;14348;6108;6480;12588;4478;4673;9151;5550;5718;11268
Tunisia;Africa;43;53;68;42;26;49;40;38;100;63;6209;2417;8626;4581;2103;6684;4330;2167;6497;4329;2316;6645;4100;2490;6590;5011;2610;7621;5530;2822;8352;5080;3442;8522;7209;4488;11697;15385;8148;23533;15280;9166;24446;15608;9979;25587
Turkey;Europe;972;1041;1058;993;899;712;1084;1245;796;1386;68763;43554;112317;77538;48070;125608;77156;47829;124985;90643;56034;146677;115474;66104;181578;108015;68696;176711;138832;89177;228009;152074;107246;259320;157780;96880;254660;137146;108347;245493;170370;145856;316226;204729;202200;406929
Turkmenistan;Europe;78;59;77;85;72;70;106;105;75;93;2543;2747;5290;3090;3477;6567;2713;3036;5749;2749;2962;5711;3122;3616;6738;4251;4961;9212;4664;5222;9886;5460;6172;11632;5763;6203;11966;6010;6949;12959;7963;9646;17609;12598;17068;29666
Tuvalu;Oceania;0;0;0;0;0;0;0;0;0;2;15;18;33;6;10;16;11;12;23;14;11;25;12;13;25;10;13;23;9;22;31;12;29;41;16;19;35;23;43;66;9;8;17;10;16;26
Uganda;Africa;152;170;158;211;111;204;184;171;166;92;9066;6155;15221;9882;7194;17076;10950;6985;17935;12721;7236;19957;13973;8089;22062;15423;9428;24851;17250;10452;27702;18871;11151;30022;24060;13446;37506;25790;15722;41512;28377;17950;46327;32457;21510;53967
Ukraine;Europe;1914;1714;1807;1676;1439;1844;1770;1313;1787;2040;463063;218004;681067;619584;271395;890979;638210;335822;974032;611373;316097;927470;723972;356119;1080091;761653;360433;1122086;852856;379450;1232306;865438;389691;1255129;887577;387181;1274758;890039;401960;1291999;970193;500057;1470250;953323;497164;1450487
United Arab Emirates;Asia;3;11;5;22;41;40;36;40;28;31;2308;1511;3819;2227;1347;3574;3143;2253;5396;4365;3603;7968;4487;4157;8644;5360;5316;10676;5947;6097;12044;6518;6839;13357;7649;8047;15696;9629;10300;19929;11018;12312;23330;13282;14949;28231
Uruguay;South America, Central America, and the Caribbean;12;7;8;4;3;1;9;5;8;8;1400;1523;2923;1292;1381;2673;1185;1355;2540;816;858;1674;1005;1101;2106;872;1005;1877;856;898;1754;966;965;1931;1011;972;1983;1524;1411;2935;1964;1699;3663;1557;1502;3059
Uzbekistan;Europe;2274;2388;3356;3596;3212;3385;3032;2524;2378;3199;49886;69825;119711;61938;91723;153661;69289;104507;173796;78512;115521;194033;124847;170981;295828;223129;284232;507361;293543;360784;654327;690503;503154;1193657;833998;553422;1387420;946212;542772;1488984;876875;699304;1576179;1232938;881508;2114446
Vanuatu;Oceania;0;0;0;0;0;0;0;0;1;0;19;16;35;30;29;59;39;35;74;231;33;264;58;53;111;55;69;124;69;64;133;86;86;172;34;45;79;57;70;127;70;61;131;90;111;201
Vatican City;Europe;0;0;0;0;0;0;0;0;0;0;9;2;11;14;5;19;16;8;24;123;0;123;17;17;34;30;21;51;19;18;37;25;21;46;26;28;54;24;20;44;28;26;54;46;38;84
Venezuela;South America, Central America, and the Caribbean;155;253;391;448;476;560;802;735;684;1274;16590;20121;36711;16508;20093;36601;20627;26372;46999;16347;21967;38314;30062;41603;71665;35377;50035;85412;39918;54917;94835;47539;68659;116198;51963;72570;124533;110579;148342;258921;137509;175619;313128;158450;202349;360799
Wallis and Futuna ;Europe;0;0;0;0;0;0;0;0;0;0;7;2;9;10;8;18;8;9;17;14;15;29;28;13;41;10;10;20;14;14;28;16;6;22;7;2;9;14;12;26;12;18;30;15;12;27
Western Sahara;Africa;0;0;0;0;0;0;0;0;0;0;26;1;27;25;8;33;22;16;38;21;7;28;23;12;35;23;10;33;0;0;0;39;17;56;32;10;42;45;22;67;68;14;82;70;15;85
Yemen;Asia;22;51;33;40;66;195;200;171;397;267;8628;4396;13024;9763;4568;14331;11213;5190;16403;10899;4580;15479;11970;5916;17886;14297;7309;21606;17670;10369;28039;27254;13708;40962;51748;24315;76063;92709;43689;136398;108549;64193;172742;171033;93486;264519
Zambia;Africa;65;38;41;48;18;39;18;33;20;17;2995;3497;6492;3322;3887;7209;3327;3636;6963;2305;2320;4625;2505;2572;5077;2648;2770;5418;2799;2874;5673;2561;2706;5267;2561;2510;5071;2541;2820;5361;2715;2750;5465;4067;3326;7393
Zimbabwe;Africa;47;96;65;89;42;68;32;47;85;44;3665;3927;7592;4153;4708;8861;4284;4948;9232;3392;3543;6935;4275;4681;8956;4165;4473;8638;4895;5205;10100;4802;5372;10174;4971;5456;10427;6235;6930;13165;7752;8254;16006;9260;10148;19408
